{
    "0-1": {
        "stageId": "main_00-01",
        "drops": [
            "2001",
            "30011",
            "30021",
            "30031",
            "30051",
            "30061",
            "3003",
            "2001",
            "30041"
        ]
    },
    "0-2": {
        "stageId": "main_00-02",
        "drops": [
            "2001",
            "30011",
            "30021",
            "30031",
            "30041",
            "30051",
            "30061",
            "3003",
            "2001"
        ]
    },
    "0-3": {
        "stageId": "main_00-03",
        "drops": [
            "2001",
            "30011",
            "30021",
            "30031",
            "30041",
            "30051",
            "30061",
            "3003",
            "2001"
        ]
    },
    "0-4": {
        "stageId": "main_00-04",
        "drops": [
            "2001",
            "30011",
            "30021",
            "30031",
            "30041",
            "30061",
            "3003",
            "2001",
            "30051"
        ]
    },
    "0-5": {
        "stageId": "main_00-05",
        "drops": [
            "2001",
            "30011",
            "30021",
            "30031",
            "30041",
            "30051",
            "30061",
            "3003",
            "2001"
        ]
    },
    "0-6": {
        "stageId": "main_00-06",
        "drops": [
            "2001",
            "30011",
            "30021",
            "30031",
            "30041",
            "30051",
            "30061",
            "3003",
            "2001"
        ]
    },
    "0-7": {
        "stageId": "main_00-07",
        "drops": [
            "30021",
            "30011",
            "30021",
            "30031",
            "30041",
            "30051",
            "30061",
            "3003",
            "2001"
        ]
    },
    "0-8": {
        "stageId": "main_00-08",
        "drops": [
            "2001",
            "30011",
            "30021",
            "30031",
            "30041",
            "30051",
            "30061",
            "3003",
            "2001"
        ]
    },
    "0-9": {
        "stageId": "main_00-09",
        "drops": [
            "30011",
            "30011",
            "30021",
            "30031",
            "30041",
            "30051",
            "30061",
            "3003",
            "2001"
        ]
    },
    "0-10": {
        "stageId": "main_00-10",
        "drops": [
            "2001",
            "30011",
            "30021",
            "30031",
            "30041",
            "30051",
            "30061",
            "2001",
            "3003"
        ]
    },
    "0-11": {
        "stageId": "main_00-11",
        "drops": [
            "30011",
            "30031",
            "30031",
            "30041",
            "30021",
            "30061",
            "3003",
            "2001",
            "30051"
        ]
    },
    "1-1": {
        "stageId": "main_01-01",
        "drops": [
            "30011",
            "30031",
            "30041",
            "30021",
            "30051",
            "30061",
            "3003",
            "2001"
        ]
    },
    "1-2": {
        "stageId": "main_01-02",
        "drops": []
    },
    "1-3": {
        "stageId": "main_01-03",
        "drops": [
            "30041",
            "30011",
            "30021",
            "30031",
            "30041",
            "30061",
            "3003",
            "2001",
            "30051"
        ]
    },
    "1-4": {
        "stageId": "main_01-04",
        "drops": [
            "30011",
            "30021",
            "30041",
            "30051",
            "30061",
            "3003",
            "2001",
            "30031"
        ]
    },
    "1-5": {
        "stageId": "main_01-05",
        "drops": [
            "30061",
            "30011",
            "30031",
            "30041",
            "30051",
            "30061",
            "30021",
            "3003",
            "2001"
        ]
    },
    "1-6": {
        "stageId": "main_01-06",
        "drops": [
            "30051",
            "30011",
            "30021",
            "30031",
            "30041",
            "30061",
            "3003",
            "2001",
            "30051"
        ]
    },
    "1-7": {
        "stageId": "main_01-07",
        "drops": [
            "30012",
            "30011",
            "30021",
            "30031",
            "30051",
            "30041",
            "30061",
            "3003",
            "2001"
        ]
    },
    "1-8": {
        "stageId": "main_01-08",
        "drops": [
            "30032",
            "30021",
            "30031",
            "30011",
            "30041",
            "30051",
            "30061",
            "3003",
            "2001"
        ]
    },
    "1-9": {
        "stageId": "main_01-09",
        "drops": [
            "3112",
            "30021",
            "30011",
            "30031",
            "30051",
            "30041",
            "30061",
            "3003",
            "2001"
        ]
    },
    "1-10": {
        "stageId": "main_01-10",
        "drops": [
            "3301",
            "30011",
            "30021",
            "30031",
            "30041",
            "30061",
            "30051",
            "3003",
            "2001"
        ]
    },
    "1-11": {
        "stageId": "main_01-11",
        "drops": []
    },
    "1-12": {
        "stageId": "main_01-12",
        "drops": [
            "30062",
            "30011",
            "30021",
            "30031",
            "30041",
            "30051",
            "30061",
            "3003",
            "2001"
        ]
    },
    "2-1": {
        "stageId": "main_02-01",
        "drops": [
            "30042",
            "30011",
            "30021",
            "30031",
            "30041",
            "30051",
            "30061",
            "3003",
            "2001"
        ]
    },
    "2-2": {
        "stageId": "main_02-02",
        "drops": [
            "30022",
            "30011",
            "30021",
            "30031",
            "30051",
            "30041",
            "3003",
            "2001",
            "30061"
        ]
    },
    "2-3": {
        "stageId": "main_02-03",
        "drops": [
            "30061",
            "30011",
            "30031",
            "30061",
            "3003",
            "30012",
            "30062",
            "2001",
            "30032"
        ]
    },
    "2-4": {
        "stageId": "main_02-04",
        "drops": [
            "30013",
            "30031",
            "30011",
            "30061",
            "30012",
            "3003",
            "30062",
            "2001",
            "30032"
        ]
    },
    "2-5": {
        "stageId": "main_02-05",
        "drops": [
            "30023",
            "30041",
            "30021",
            "30051",
            "2001",
            "30022",
            "30052",
            "30042",
            "2002"
        ]
    },
    "2-6": {
        "stageId": "main_02-06",
        "drops": [
            "30033",
            "30011",
            "30031",
            "30061",
            "3003",
            "30012",
            "30032",
            "30062",
            "2001"
        ]
    },
    "2-7": {
        "stageId": "main_02-07",
        "drops": [
            "30021",
            "30041",
            "30051",
            "2001",
            "30022",
            "30042",
            "30052",
            "2002"
        ]
    },
    "2-8": {
        "stageId": "main_02-08",
        "drops": [
            "30043",
            "30021",
            "30041",
            "30051",
            "30022",
            "30042",
            "30052",
            "2002",
            "2001"
        ]
    },
    "2-9": {
        "stageId": "main_02-09",
        "drops": [
            "30073",
            "30011",
            "30031",
            "3003",
            "30012",
            "30032",
            "30062",
            "30061",
            "2001"
        ]
    },
    "2-10": {
        "stageId": "main_02-10",
        "drops": [
            "30103",
            "30021",
            "30041",
            "30051",
            "30022",
            "2001",
            "30042",
            "2002",
            "30052"
        ]
    },
    "S2-1": {
        "stageId": "sub_02-01",
        "drops": [
            "30052",
            "30011",
            "30021",
            "30031",
            "30041",
            "30051",
            "3003",
            "2001",
            "30061"
        ]
    },
    "S2-2": {
        "stageId": "sub_02-02",
        "drops": [
            "30011",
            "30021",
            "30031",
            "30041",
            "30061",
            "3003",
            "2001",
            "30051"
        ]
    },
    "S2-3": {
        "stageId": "sub_02-03",
        "drops": [
            "2001",
            "30011",
            "30021",
            "30031",
            "30041",
            "30051",
            "30061",
            "3003",
            "2001"
        ]
    },
    "S2-4": {
        "stageId": "sub_02-04",
        "drops": [
            "30011",
            "30021",
            "30031",
            "30041",
            "30051",
            "30061",
            "3003",
            "2001"
        ]
    },
    "S2-5": {
        "stageId": "sub_02-05",
        "drops": [
            "30011",
            "30011",
            "30061",
            "3003",
            "30012",
            "30032",
            "30062",
            "2001",
            "30031"
        ]
    },
    "S2-6": {
        "stageId": "sub_02-06",
        "drops": [
            "30021",
            "30021",
            "30051",
            "2001",
            "30041",
            "30022",
            "30042",
            "2002",
            "30052"
        ]
    },
    "S2-7": {
        "stageId": "sub_02-07",
        "drops": [
            "30031",
            "30011",
            "30031",
            "30061",
            "3003",
            "30012",
            "30032",
            "30062",
            "2001"
        ]
    },
    "S2-8": {
        "stageId": "sub_02-08",
        "drops": [
            "30041",
            "30021",
            "30051",
            "30041",
            "30022",
            "2001",
            "30042",
            "2002",
            "30052"
        ]
    },
    "S2-9": {
        "stageId": "sub_02-09",
        "drops": [
            "30051",
            "30021",
            "30051",
            "30041",
            "2001",
            "30022",
            "30042",
            "30052",
            "2002"
        ]
    },
    "S2-10": {
        "stageId": "sub_02-10",
        "drops": [
            "2002",
            "30011",
            "30061",
            "3003",
            "30012",
            "30032",
            "30062",
            "2001",
            "30031"
        ]
    },
    "S2-11": {
        "stageId": "sub_02-11",
        "drops": [
            "30021",
            "30041",
            "30051",
            "2001",
            "30022",
            "30042",
            "30052",
            "2002"
        ]
    },
    "S2-12": {
        "stageId": "sub_02-12",
        "drops": [
            "30012",
            "30011",
            "30031",
            "30061",
            "3003",
            "30032",
            "30062",
            "30012"
        ]
    },
    "3-1": {
        "stageId": "main_03-01",
        "drops": [
            "30053",
            "30021",
            "30041",
            "30051",
            "2001",
            "30022",
            "30042",
            "30052",
            "2002"
        ]
    },
    "3-2": {
        "stageId": "main_03-02",
        "drops": [
            "30083",
            "30011",
            "30031",
            "30061",
            "3003",
            "30012",
            "30032",
            "30062"
        ]
    },
    "3-3": {
        "stageId": "main_03-03",
        "drops": [
            "30093",
            "30011",
            "30031",
            "30061",
            "30012",
            "3003",
            "30032",
            "30062"
        ]
    },
    "3-4": {
        "stageId": "main_03-04",
        "drops": [
            "30063",
            "30011",
            "30031",
            "30061",
            "3003",
            "30012",
            "30032",
            "30062"
        ]
    },
    "3-5": {
        "stageId": "main_03-05",
        "drops": [
            "2002",
            "30011",
            "30031",
            "30061",
            "3003",
            "30012",
            "30032",
            "30062"
        ]
    },
    "3-6": {
        "stageId": "main_03-06",
        "drops": [
            "30021",
            "30041",
            "30051",
            "30022",
            "2001",
            "30042",
            "30052",
            "2002"
        ]
    },
    "3-7": {
        "stageId": "main_03-07",
        "drops": [
            "30052",
            "30021",
            "30041",
            "30051",
            "2001",
            "30022",
            "30042",
            "2002",
            "30052"
        ]
    },
    "3-8": {
        "stageId": "main_03-08",
        "drops": [
            "30033",
            "30034",
            "30051",
            "30032",
            "30052",
            "30033",
            "30053",
            "30093",
            "30103",
            "30031",
            "31033"
        ]
    },
    "S3-1": {
        "stageId": "sub_03-1-1",
        "drops": [
            "30022",
            "30021",
            "30041",
            "30051",
            "2001",
            "30022",
            "30042",
            "30052",
            "2002"
        ]
    },
    "S3-2": {
        "stageId": "sub_03-1-2",
        "drops": [
            "30011",
            "30032",
            "30031",
            "30061",
            "3003",
            "30012",
            "30062",
            "30032"
        ]
    },
    "S3-3": {
        "stageId": "sub_03-2-1",
        "drops": [
            "30021",
            "30041",
            "30051",
            "30042",
            "2001",
            "30042",
            "30052",
            "30022",
            "2002"
        ]
    },
    "S3-4": {
        "stageId": "sub_03-2-2",
        "drops": [
            "30062",
            "30011",
            "30031",
            "30061",
            "30012",
            "3003",
            "30032",
            "30062"
        ]
    },
    "S3-5": {
        "stageId": "sub_03-2-3",
        "drops": [
            "30021",
            "30051",
            "30041",
            "2001",
            "30022",
            "30052",
            "30042",
            "2002"
        ]
    },
    "4-1": {
        "stageId": "main_04-01",
        "drops": [
            "30011",
            "30061",
            "30012",
            "30062",
            "30013",
            "30063",
            "30073",
            "31013",
            "3003"
        ]
    },
    "4-2": {
        "stageId": "main_04-02",
        "drops": [
            "30023",
            "30021",
            "30041",
            "2001",
            "30022",
            "30042",
            "2002",
            "30023",
            "30043",
            "30083",
            "31023",
            "2003",
            "30024"
        ]
    },
    "4-3": {
        "stageId": "main_04-03",
        "drops": [
            "2003",
            "30011",
            "30012",
            "30062",
            "30061",
            "30013",
            "30063",
            "30073",
            "31013",
            "3003"
        ]
    },
    "4-4": {
        "stageId": "main_04-04",
        "drops": [
            "30073",
            "30074",
            "30011",
            "30061",
            "30012",
            "30062",
            "30063",
            "30013",
            "31013",
            "3003",
            "30073"
        ]
    },
    "4-5": {
        "stageId": "main_04-05",
        "drops": [
            "30053",
            "30054",
            "30031",
            "30051",
            "30032",
            "30052",
            "30033",
            "30093",
            "30053",
            "30103",
            "31033"
        ]
    },
    "4-6": {
        "stageId": "main_04-06",
        "drops": [
            "30013",
            "30014",
            "30011",
            "30061",
            "30012",
            "30062",
            "30013",
            "30063",
            "31013",
            "30073",
            "3003"
        ]
    },
    "4-7": {
        "stageId": "main_04-07",
        "drops": [
            "30083",
            "30084",
            "30011",
            "30061",
            "30012",
            "30062",
            "30013",
            "30063",
            "30073",
            "31013",
            "3003"
        ]
    },
    "4-8": {
        "stageId": "main_04-08",
        "drops": [
            "30093",
            "30094",
            "30051",
            "30031",
            "30032",
            "30033",
            "30052",
            "30053",
            "30093",
            "30103",
            "31033"
        ]
    },
    "4-9": {
        "stageId": "main_04-09",
        "drops": [
            "30103",
            "30104",
            "30031",
            "30051",
            "30032",
            "30052",
            "30033",
            "30053",
            "30093",
            "30103",
            "31033"
        ]
    },
    "4-10": {
        "stageId": "main_04-10",
        "drops": [
            "30063",
            "30064",
            "30011",
            "30012",
            "30062",
            "30013",
            "30063",
            "30073",
            "31013",
            "3003",
            "30061"
        ]
    },
    "S4-1": {
        "stageId": "sub_04-1-1",
        "drops": [
            "30043",
            "30044",
            "30021",
            "30041",
            "2001",
            "30022",
            "30042",
            "2002",
            "30023",
            "30043",
            "30083",
            "31023",
            "2003"
        ]
    },
    "S4-2": {
        "stageId": "sub_04-1-2",
        "drops": [
            "30031",
            "30051",
            "30032",
            "30052",
            "30033",
            "30053",
            "30093",
            "30103",
            "31033"
        ]
    },
    "S4-3": {
        "stageId": "sub_04-1-3",
        "drops": [
            "30021",
            "30041",
            "2001",
            "30022",
            "2002",
            "30042",
            "30023",
            "30043",
            "31023",
            "30083",
            "2003"
        ]
    },
    "S4-4": {
        "stageId": "sub_04-2-1",
        "drops": [
            "30021",
            "30041",
            "30022",
            "30042",
            "2002",
            "30023",
            "30043",
            "30083",
            "31023",
            "2003",
            "2001"
        ]
    },
    "S4-5": {
        "stageId": "sub_04-2-2",
        "drops": [
            "30031",
            "30051",
            "30032",
            "30052",
            "30033",
            "30093",
            "30103",
            "30053",
            "31033"
        ]
    },
    "S4-6": {
        "stageId": "sub_04-2-3",
        "drops": [
            "30021",
            "2001",
            "30041",
            "30022",
            "2002",
            "30042",
            "30023",
            "30043",
            "30083",
            "31023",
            "2003"
        ]
    },
    "S4-7": {
        "stageId": "sub_04-3-1",
        "drops": [
            "30021",
            "30041",
            "2001",
            "30022",
            "30042",
            "2002",
            "30023",
            "30043",
            "30083",
            "31023",
            "2003"
        ]
    },
    "S4-8": {
        "stageId": "sub_04-3-2",
        "drops": [
            "30031",
            "30032",
            "30052",
            "30051",
            "30033",
            "30093",
            "30103",
            "30053",
            "31033"
        ]
    },
    "S4-9": {
        "stageId": "sub_04-3-3",
        "drops": [
            "2003",
            "30021",
            "30041",
            "2001",
            "30022",
            "30042",
            "2002",
            "30023",
            "30043",
            "30083",
            "31023",
            "2003"
        ]
    },
    "GT-1": {
        "stageId": "a001_01_rep",
        "drops": []
    },
    "GT-2": {
        "stageId": "a001_02_rep",
        "drops": []
    },
    "GT-3": {
        "stageId": "a001_03_rep",
        "drops": []
    },
    "GT-4": {
        "stageId": "a001_04_rep",
        "drops": []
    },
    "GT-5": {
        "stageId": "a001_05_rep",
        "drops": []
    },
    "GT-6": {
        "stageId": "a001_06_rep",
        "drops": []
    },
    "SK-1": {
        "stageId": "wk_armor_1",
        "drops": [
            "3112"
        ]
    },
    "SK-2": {
        "stageId": "wk_armor_2",
        "drops": [
            "3112"
        ]
    },
    "SK-3": {
        "stageId": "wk_armor_3",
        "drops": [
            "3112",
            "3113"
        ]
    },
    "SK-4": {
        "stageId": "wk_armor_4",
        "drops": [
            "3114",
            "3113"
        ]
    },
    "SK-5": {
        "stageId": "wk_armor_5",
        "drops": [
            "3114",
            "3113"
        ]
    },
    "CA-1": {
        "stageId": "wk_fly_1",
        "drops": [
            "3301"
        ]
    },
    "CA-2": {
        "stageId": "wk_fly_2",
        "drops": [
            "3301"
        ]
    },
    "CA-3": {
        "stageId": "wk_fly_3",
        "drops": [
            "3302",
            "3301"
        ]
    },
    "CA-4": {
        "stageId": "wk_fly_4",
        "drops": [
            "3303",
            "3302",
            "3301"
        ]
    },
    "CA-5": {
        "stageId": "wk_fly_5",
        "drops": [
            "3303",
            "3301",
            "3302"
        ]
    },
    "5-1": {
        "stageId": "main_05-01",
        "drops": [
            "30013",
            "30011",
            "30061",
            "30012",
            "30062",
            "30013",
            "30073",
            "30063",
            "31013",
            "3003"
        ]
    },
    "5-2": {
        "stageId": "main_05-02",
        "drops": [
            "30023",
            "30024",
            "30011",
            "30061",
            "30012",
            "30062",
            "30013",
            "30063",
            "30073",
            "31013",
            "3003"
        ]
    },
    "5-3": {
        "stageId": "main_05-03",
        "drops": [
            "30033",
            "30022"
        ]
    },
    "5-4": {
        "stageId": "main_05-04",
        "drops": [
            "30031",
            "30073",
            "30051",
            "30032",
            "30052",
            "30033",
            "30093",
            "30103",
            "30053",
            "31033"
        ]
    },
    "5-5": {
        "stageId": "main_05-05",
        "drops": [
            "30043",
            "30044",
            "30011",
            "30061",
            "30012",
            "30062",
            "30013",
            "30073",
            "31013",
            "3003",
            "30063"
        ]
    },
    "5-6": {
        "stageId": "main_05-06",
        "drops": [
            "30021",
            "30083",
            "2001",
            "30041",
            "30022",
            "2002",
            "30042",
            "30023",
            "30043",
            "30083",
            "2003",
            "31023"
        ]
    },
    "5-7": {
        "stageId": "main_05-07",
        "drops": [
            "30093",
            "30042"
        ]
    },
    "5-8": {
        "stageId": "main_05-08",
        "drops": [
            "30053",
            "30054",
            "30031",
            "30051",
            "30032",
            "30052",
            "30033",
            "30053",
            "30093",
            "30103",
            "31033"
        ]
    },
    "5-9": {
        "stageId": "main_05-09",
        "drops": [
            "30103",
            "30011",
            "30061",
            "30012",
            "30062",
            "30013",
            "30063",
            "30073",
            "31013",
            "3003"
        ]
    },
    "5-10": {
        "stageId": "main_05-10",
        "drops": [
            "30063",
            "30012"
        ]
    },
    "S5-1": {
        "stageId": "sub_05-1-1",
        "drops": [
            "2003",
            "30012"
        ]
    },
    "S5-2": {
        "stageId": "sub_05-1-2",
        "drops": [
            "30021",
            "30041",
            "2001",
            "30042",
            "2002",
            "30023",
            "30022",
            "30043",
            "31023",
            "2003",
            "30083"
        ]
    },
    "S5-3": {
        "stageId": "sub_05-2-1",
        "drops": [
            "30032"
        ]
    },
    "S5-4": {
        "stageId": "sub_05-2-2",
        "drops": [
            "2003",
            "30022"
        ]
    },
    "S5-5": {
        "stageId": "sub_05-3-1",
        "drops": [
            "30062"
        ]
    },
    "S5-6": {
        "stageId": "sub_05-3-2",
        "drops": [
            "2003",
            "30041",
            "2001",
            "30021",
            "30022",
            "30042",
            "2002",
            "30023",
            "30043",
            "30083",
            "31023",
            "2003"
        ]
    },
    "OF-1": {
        "stageId": "a003_01",
        "drops": []
    },
    "OF-2": {
        "stageId": "a003_02",
        "drops": []
    },
    "OF-3": {
        "stageId": "a003_03",
        "drops": []
    },
    "OF-4": {
        "stageId": "a003_04",
        "drops": []
    },
    "OF-5": {
        "stageId": "a003_05",
        "drops": []
    },
    "OF-6": {
        "stageId": "a003_06",
        "drops": []
    },
    "OF-7": {
        "stageId": "a003_07",
        "drops": []
    },
    "OF-8": {
        "stageId": "a003_08",
        "drops": []
    },
    "OF-F1": {
        "stageId": "a003_f01",
        "drops": []
    },
    "OF-F2": {
        "stageId": "a003_f02",
        "drops": []
    },
    "OF-F3": {
        "stageId": "a003_f03",
        "drops": []
    },
    "OF-F4": {
        "stageId": "a003_f04",
        "drops": []
    },
    "奖励扭蛋机": {
        "stageId": "gachabox6",
        "drops": []
    },
    "SW-EV-1": {
        "stageId": "act4d0_01",
        "drops": []
    },
    "SW-EV-2": {
        "stageId": "act4d0_02",
        "drops": []
    },
    "SW-EV-3": {
        "stageId": "act4d0_03",
        "drops": []
    },
    "SW-EV-4": {
        "stageId": "act4d0_04",
        "drops": []
    },
    "SW-EV-5": {
        "stageId": "act4d0_05",
        "drops": []
    },
    "CB-1": {
        "stageId": "act5d0_01_rep",
        "drops": []
    },
    "CB-2": {
        "stageId": "act5d0_02_rep",
        "drops": []
    },
    "CB-3": {
        "stageId": "act5d0_03_rep",
        "drops": []
    },
    "CB-4": {
        "stageId": "act5d0_04_rep",
        "drops": []
    },
    "CB-5": {
        "stageId": "act5d0_05_rep",
        "drops": []
    },
    "CB-6": {
        "stageId": "act5d0_06_rep",
        "drops": []
    },
    "CB-7": {
        "stageId": "act5d0_07_rep",
        "drops": []
    },
    "CB-8": {
        "stageId": "act5d0_08_rep",
        "drops": []
    },
    "CB-9": {
        "stageId": "act5d0_09_rep",
        "drops": []
    },
    "CB-10": {
        "stageId": "act5d0_10_rep",
        "drops": []
    },
    "6-1": {
        "stageId": "main_06-01",
        "drops": [
            "30042"
        ]
    },
    "6-2": {
        "stageId": "main_06-02",
        "drops": [
            "30083",
            "30031",
            "30051",
            "30032",
            "30052",
            "30084",
            "30053",
            "30033",
            "30093",
            "30103",
            "31033"
        ]
    },
    "6-3": {
        "stageId": "main_06-03",
        "drops": [
            "30023",
            "30011",
            "30061",
            "30062",
            "30013",
            "30063",
            "30073",
            "30012",
            "3003",
            "31013"
        ]
    },
    "6-4": {
        "stageId": "main_06-04",
        "drops": [
            "30033",
            "30034",
            "30031",
            "30051",
            "30032",
            "30033",
            "30053",
            "30093",
            "30103",
            "30052",
            "31033"
        ]
    },
    "6-5": {
        "stageId": "main_06-05",
        "drops": [
            "30013",
            "30032"
        ]
    },
    "6-7": {
        "stageId": "main_06-06",
        "drops": []
    },
    "6-8": {
        "stageId": "main_06-07",
        "drops": [
            "30053",
            "30021",
            "30041",
            "2001",
            "30022",
            "30042",
            "2002",
            "30023",
            "30083",
            "31023",
            "2003",
            "30043"
        ]
    },
    "6-9": {
        "stageId": "main_06-08",
        "drops": [
            "30032",
            "2003"
        ]
    },
    "6-10": {
        "stageId": "main_06-09",
        "drops": [
            "30043",
            "30031",
            "30051",
            "30052",
            "30032",
            "30033",
            "30053",
            "30093",
            "30103",
            "31033"
        ]
    },
    "6-11": {
        "stageId": "main_06-10",
        "drops": [
            "30062",
            "30073"
        ]
    },
    "6-12": {
        "stageId": "main_06-11",
        "drops": [
            "31023",
            "31024",
            "30021",
            "30041",
            "2001",
            "30022",
            "2002",
            "30042",
            "30043",
            "30083",
            "31023",
            "2003",
            "30023"
        ]
    },
    "6-14": {
        "stageId": "main_06-12",
        "drops": [
            "30011",
            "30093",
            "30061",
            "30012",
            "30062",
            "30013",
            "30073",
            "30063",
            "31013",
            "3003"
        ]
    },
    "6-15": {
        "stageId": "main_06-13",
        "drops": [
            "30103",
            "30104",
            "30031",
            "30051",
            "30032",
            "30052",
            "30053",
            "30093",
            "30103",
            "30033",
            "31033"
        ]
    },
    "6-16": {
        "stageId": "main_06-14",
        "drops": [
            "30063",
            "30052"
        ]
    },
    "6-17": {
        "stageId": "main_06-15",
        "drops": []
    },
    "S3-6": {
        "stageId": "sub_03-3-1",
        "drops": [
            "31023",
            "30011",
            "30031",
            "30061",
            "3003",
            "30012",
            "30032",
            "30062"
        ]
    },
    "S4-10": {
        "stageId": "sub_04-4-1",
        "drops": [
            "31013",
            "30011",
            "30061",
            "30012",
            "30062",
            "30013",
            "30063",
            "30073",
            "31013",
            "3003"
        ]
    },
    "S5-7": {
        "stageId": "sub_05-4-1",
        "drops": [
            "31013",
            "31014",
            "30051",
            "30032",
            "30031",
            "30052",
            "30033",
            "30053",
            "30093",
            "30103",
            "31033"
        ]
    },
    "S5-8": {
        "stageId": "sub_05-4-2",
        "drops": [
            "31023",
            "31024",
            "30011",
            "30012",
            "30061",
            "30062",
            "30063",
            "30013",
            "30073",
            "31013",
            "3003"
        ]
    },
    "S6-1": {
        "stageId": "sub_06-1-1",
        "drops": [
            "2003",
            "30031",
            "30032",
            "30051",
            "30052",
            "30033",
            "30053",
            "30103",
            "30093",
            "31033"
        ]
    },
    "S6-2": {
        "stageId": "sub_06-1-2",
        "drops": [
            "30012"
        ]
    },
    "S6-3": {
        "stageId": "sub_06-2-1",
        "drops": [
            "30052",
            "2003"
        ]
    },
    "S6-4": {
        "stageId": "sub_06-2-2",
        "drops": [
            "30051",
            "30032",
            "30031",
            "30052",
            "30033",
            "30093",
            "30103",
            "30053",
            "31033"
        ]
    },
    "罗德岛物资补给": {
        "stageId": "randomMaterial_1",
        "drops": [
            "30011",
            "30021",
            "30031",
            "30051",
            "30041",
            "30061",
            "30022",
            "30032",
            "30012",
            "30042",
            "30052",
            "30062",
            "30023",
            "30013",
            "30033",
            "30043",
            "30053",
            "30063",
            "30073",
            "30083",
            "30093",
            "30103",
            "31013",
            "31023"
        ]
    },
    "AF-1": {
        "stageId": "act6d5_01",
        "drops": []
    },
    "AF-2": {
        "stageId": "act6d5_02",
        "drops": []
    },
    "AF-3": {
        "stageId": "act6d5_03",
        "drops": []
    },
    "AF-4": {
        "stageId": "act6d5_04",
        "drops": []
    },
    "AF-5": {
        "stageId": "act6d5_05",
        "drops": []
    },
    "AF-6": {
        "stageId": "act6d5_06",
        "drops": []
    },
    "AF-7": {
        "stageId": "act6d5_07",
        "drops": []
    },
    "AF-8": {
        "stageId": "act6d5_08",
        "drops": []
    },
    "岁过华灯": {
        "stageId": "randomMaterial_2",
        "drops": [
            "30011",
            "30031",
            "30021",
            "30041",
            "30051",
            "30061",
            "30022",
            "30032",
            "30042",
            "30052",
            "30062",
            "30013",
            "30023",
            "30033",
            "30043",
            "30053",
            "30063",
            "30073",
            "30083",
            "30012",
            "30093",
            "30103",
            "31013",
            "31023"
        ]
    },
    "CE-1": {
        "stageId": "wk_melee_1",
        "drops": []
    },
    "CE-2": {
        "stageId": "wk_melee_2",
        "drops": []
    },
    "CE-3": {
        "stageId": "wk_melee_3",
        "drops": []
    },
    "CE-4": {
        "stageId": "wk_melee_4",
        "drops": []
    },
    "CE-5": {
        "stageId": "wk_melee_5",
        "drops": []
    },
    "AP-1": {
        "stageId": "wk_toxic_1",
        "drops": []
    },
    "AP-2": {
        "stageId": "wk_toxic_2",
        "drops": []
    },
    "AP-3": {
        "stageId": "wk_toxic_3",
        "drops": []
    },
    "AP-4": {
        "stageId": "wk_toxic_4",
        "drops": []
    },
    "AP-5": {
        "stageId": "wk_toxic_5",
        "drops": []
    },
    "SA-1": {
        "stageId": "act7d5_01",
        "drops": []
    },
    "SA-2": {
        "stageId": "act7d5_02",
        "drops": []
    },
    "SA-3": {
        "stageId": "act7d5_03",
        "drops": []
    },
    "SA-4": {
        "stageId": "act7d5_04",
        "drops": []
    },
    "SA-5": {
        "stageId": "act7d5_05",
        "drops": []
    },
    "SA-6": {
        "stageId": "act7d5_06",
        "drops": []
    },
    "荒芜行动物资补给": {
        "stageId": "randomMaterialRune_0",
        "drops": [
            "30013",
            "30023",
            "30033",
            "30043",
            "30053",
            "30063",
            "30073",
            "30083",
            "30093",
            "30103",
            "31013",
            "31023"
        ]
    },
    "DM-1": {
        "stageId": "act9d0_01",
        "drops": []
    },
    "DM-2": {
        "stageId": "act9d0_02",
        "drops": []
    },
    "DM-3": {
        "stageId": "act9d0_03",
        "drops": []
    },
    "DM-4": {
        "stageId": "act9d0_04",
        "drops": []
    },
    "DM-5": {
        "stageId": "act9d0_05",
        "drops": []
    },
    "DM-6": {
        "stageId": "act9d0_06",
        "drops": []
    },
    "DM-7": {
        "stageId": "act9d0_07",
        "drops": []
    },
    "DM-8": {
        "stageId": "act9d0_08",
        "drops": []
    },
    "7-2": {
        "stageId": "main_07-01",
        "drops": [
            "30013",
            "30014",
            "30031",
            "30051",
            "30032",
            "30033",
            "30052",
            "30053",
            "30093",
            "30103",
            "31033"
        ]
    },
    "7-3": {
        "stageId": "main_07-02",
        "drops": [
            "30022"
        ]
    },
    "7-4": {
        "stageId": "main_07-03",
        "drops": [
            "30033",
            "30021",
            "30041",
            "2001",
            "30022",
            "30042",
            "2002",
            "30023",
            "30043",
            "30083",
            "31023",
            "2003"
        ]
    },
    "7-5": {
        "stageId": "main_07-04",
        "drops": [
            "30073",
            "30074",
            "30031",
            "30051",
            "30052",
            "30032",
            "30033",
            "30093",
            "30053",
            "30103",
            "31033"
        ]
    },
    "7-6": {
        "stageId": "main_07-05",
        "drops": [
            "30013",
            "30022"
        ]
    },
    "7-8": {
        "stageId": "main_07-06",
        "drops": [
            "31013",
            "31014",
            "30021",
            "2001",
            "30022",
            "30042",
            "2002",
            "30023",
            "30043",
            "30083",
            "30041",
            "2003",
            "31023"
        ]
    },
    "7-9": {
        "stageId": "main_07-07",
        "drops": [
            "30063",
            "30064",
            "30031",
            "30051",
            "30032",
            "30052",
            "30033",
            "30053",
            "30093",
            "30103",
            "31033"
        ]
    },
    "7-10": {
        "stageId": "main_07-08",
        "drops": [
            "30103",
            "30031",
            "30051",
            "30032",
            "30052",
            "30033",
            "30053",
            "30093",
            "30103",
            "31033"
        ]
    },
    "7-11": {
        "stageId": "main_07-09",
        "drops": [
            "30042",
            "2003"
        ]
    },
    "7-12": {
        "stageId": "main_07-10",
        "drops": [
            "30023",
            "30052"
        ]
    },
    "7-13": {
        "stageId": "main_07-11",
        "drops": [
            "30011",
            "2003",
            "30061",
            "30062",
            "30013",
            "30012",
            "30063",
            "31013",
            "30073",
            "3003"
        ]
    },
    "7-14": {
        "stageId": "main_07-12",
        "drops": [
            "30053",
            "30031",
            "30051",
            "30032",
            "30052",
            "30033",
            "30093",
            "30053",
            "30103",
            "31033"
        ]
    },
    "7-15": {
        "stageId": "main_07-13",
        "drops": [
            "30063",
            "30021",
            "30041",
            "2001",
            "30022",
            "30042",
            "2002",
            "30023",
            "30043",
            "31023",
            "30083",
            "2003"
        ]
    },
    "7-16": {
        "stageId": "main_07-14",
        "drops": [
            "30012",
            "30083"
        ]
    },
    "7-17": {
        "stageId": "main_07-15",
        "drops": [
            "30093",
            "30094",
            "30021",
            "30041",
            "2001",
            "30022",
            "30042",
            "2002",
            "30023",
            "30043",
            "30083",
            "31023",
            "2003"
        ]
    },
    "7-18": {
        "stageId": "main_07-16",
        "drops": [
            "30043",
            "30052"
        ]
    },
    "S7-1": {
        "stageId": "sub_07-1-1",
        "drops": [
            "30011",
            "30012",
            "30062",
            "30013",
            "30063",
            "30073",
            "31013",
            "3003",
            "30061"
        ]
    },
    "S7-2": {
        "stageId": "sub_07-1-2",
        "drops": [
            "30052"
        ]
    },
    "32h战略配给": {
        "stageId": "randomMaterial_3",
        "drops": [
            "30012",
            "30022",
            "30032",
            "30042",
            "30052",
            "30062",
            "30013",
            "30023",
            "30033",
            "30043",
            "30053",
            "30063",
            "30073",
            "30083",
            "30093",
            "30103",
            "31013",
            "31023"
        ]
    },
    "PR-A-1": {
        "stageId": "pro_a_1",
        "drops": [
            "3231",
            "3261"
        ]
    },
    "PR-A-2": {
        "stageId": "pro_a_2",
        "drops": [
            "3232",
            "3262"
        ]
    },
    "PR-B-1": {
        "stageId": "pro_b_1",
        "drops": [
            "3241",
            "3251"
        ]
    },
    "PR-B-2": {
        "stageId": "pro_b_2",
        "drops": [
            "3242",
            "3252"
        ]
    },
    "PR-C-1": {
        "stageId": "pro_c_1",
        "drops": [
            "3211",
            "3271"
        ]
    },
    "PR-C-2": {
        "stageId": "pro_c_2",
        "drops": [
            "3212",
            "3272"
        ]
    },
    "PR-D-1": {
        "stageId": "pro_d_1",
        "drops": [
            "3221",
            "3281"
        ]
    },
    "PR-D-2": {
        "stageId": "pro_d_2",
        "drops": [
            "3222",
            "3282"
        ]
    },
    "LS-1": {
        "stageId": "wk_kc_1",
        "drops": [
            "2002",
            "2001"
        ]
    },
    "LS-2": {
        "stageId": "wk_kc_2",
        "drops": [
            "2002",
            "2001"
        ]
    },
    "LS-3": {
        "stageId": "wk_kc_3",
        "drops": [
            "2003",
            "2002",
            "2001"
        ]
    },
    "LS-4": {
        "stageId": "wk_kc_4",
        "drops": [
            "2004",
            "2003",
            "2002",
            "2001"
        ]
    },
    "LS-5": {
        "stageId": "wk_kc_5",
        "drops": [
            "2004",
            "2003",
            "2002"
        ]
    },
    "黄铁行动物资补给": {
        "stageId": "randomMaterialRune_1",
        "drops": [
            "30013",
            "30023",
            "30033",
            "30043",
            "30053",
            "30063",
            "30073",
            "30083",
            "30093",
            "30103",
            "31013",
            "31023"
        ]
    },
    "SV-1": {
        "stageId": "act10d5_01",
        "drops": []
    },
    "SV-2": {
        "stageId": "act10d5_02",
        "drops": []
    },
    "SV-3": {
        "stageId": "act10d5_03",
        "drops": []
    },
    "SV-4": {
        "stageId": "act10d5_04",
        "drops": []
    },
    "SV-5": {
        "stageId": "act10d5_05",
        "drops": []
    },
    "SV-6": {
        "stageId": "act10d5_06",
        "drops": []
    },
    "SV-7": {
        "stageId": "act10d5_07",
        "drops": []
    },
    "TW-1": {
        "stageId": "act11d0_01",
        "drops": []
    },
    "TW-2": {
        "stageId": "act11d0_02",
        "drops": []
    },
    "TW-3": {
        "stageId": "act11d0_03",
        "drops": []
    },
    "TW-4": {
        "stageId": "act11d0_04",
        "drops": []
    },
    "TW-5": {
        "stageId": "act11d0_05",
        "drops": []
    },
    "TW-6": {
        "stageId": "act11d0_06",
        "drops": []
    },
    "TW-7": {
        "stageId": "act11d0_07",
        "drops": []
    },
    "TW-8": {
        "stageId": "act11d0_08",
        "drops": []
    },
    "利刃行动物资补给": {
        "stageId": "randomMaterialRune_2",
        "drops": [
            "30013",
            "30023",
            "30033",
            "30043",
            "30053",
            "30063",
            "30073",
            "30083",
            "30093",
            "30103",
            "31013",
            "31023"
        ]
    },
    "RI-1": {
        "stageId": "act12d0_01",
        "drops": []
    },
    "RI-2": {
        "stageId": "act12d0_02",
        "drops": []
    },
    "RI-3": {
        "stageId": "act12d0_03",
        "drops": []
    },
    "RI-4": {
        "stageId": "act12d0_04",
        "drops": []
    },
    "RI-5": {
        "stageId": "act12d0_05",
        "drops": []
    },
    "RI-6": {
        "stageId": "act12d0_06",
        "drops": []
    },
    "RI-7": {
        "stageId": "act12d0_07",
        "drops": []
    },
    "RI-8": {
        "stageId": "act12d0_08",
        "drops": []
    },
    "FA-1": {
        "stageId": "act13d0_01",
        "drops": []
    },
    "FA-2": {
        "stageId": "act13d0_02",
        "drops": []
    },
    "FA-3": {
        "stageId": "act13d0_03",
        "drops": []
    },
    "FA-4": {
        "stageId": "act13d0_04",
        "drops": []
    },
    "FA-5": {
        "stageId": "act13d0_05",
        "drops": []
    },
    "FA-6": {
        "stageId": "act13d0_06",
        "drops": []
    },
    "FA-7": {
        "stageId": "act13d0_07",
        "drops": []
    },
    "FA-8": {
        "stageId": "act13d0_08",
        "drops": []
    },
    "MN-1": {
        "stageId": "act13d5_01",
        "drops": []
    },
    "MN-2": {
        "stageId": "act13d5_02",
        "drops": []
    },
    "MN-3": {
        "stageId": "act13d5_03",
        "drops": []
    },
    "MN-4": {
        "stageId": "act13d5_04",
        "drops": []
    },
    "MN-5": {
        "stageId": "act13d5_05",
        "drops": []
    },
    "MN-6": {
        "stageId": "act13d5_06",
        "drops": []
    },
    "MN-7": {
        "stageId": "act13d5_07",
        "drops": []
    },
    "MN-8": {
        "stageId": "act13d5_08",
        "drops": []
    },
    "S5-9": {
        "stageId": "sub_05-4-3",
        "drops": [
            "31033",
            "31034",
            "30021",
            "30041",
            "2001",
            "30022",
            "30042",
            "2002",
            "30023",
            "30043",
            "30083",
            "31023",
            "2003"
        ]
    },
    "S3-7": {
        "stageId": "sub_03-3-2",
        "drops": [
            "31033",
            "30012"
        ]
    },
    "R8-1": {
        "stageId": "main_08-01",
        "drops": [
            "30011",
            "30061",
            "30012",
            "30062",
            "30013",
            "30063",
            "30073",
            "31013",
            "3003"
        ]
    },
    "R8-2": {
        "stageId": "main_08-02",
        "drops": [
            "30073",
            "30074",
            "30021",
            "30041",
            "2001",
            "30022",
            "30042",
            "2002",
            "30023",
            "30043",
            "30083",
            "31023",
            "2003"
        ]
    },
    "R8-3": {
        "stageId": "main_08-03",
        "drops": [
            "30013",
            "30014",
            "30031",
            "30051",
            "30032",
            "30052",
            "30033",
            "30053",
            "30093",
            "31033",
            "30103"
        ]
    },
    "R8-4": {
        "stageId": "main_08-04",
        "drops": [
            "30032"
        ]
    },
    "R8-5": {
        "stageId": "main_08-05",
        "drops": [
            "30022",
            "2003"
        ]
    },
    "R8-6": {
        "stageId": "main_08-06",
        "drops": [
            "2003",
            "30011",
            "30061",
            "30012",
            "30062",
            "30013",
            "30063",
            "30073",
            "31013",
            "3003"
        ]
    },
    "R8-7": {
        "stageId": "main_08-07",
        "drops": [
            "31023",
            "31024",
            "30021",
            "30041",
            "2001",
            "30022",
            "30042",
            "2002",
            "30023",
            "30043",
            "30083",
            "31023",
            "2003"
        ]
    },
    "R8-8": {
        "stageId": "main_08-08",
        "drops": [
            "31013",
            "30052"
        ]
    },
    "M8-6": {
        "stageId": "main_08-09",
        "drops": [
            "30062",
            "2003"
        ]
    },
    "R8-9": {
        "stageId": "main_08-10",
        "drops": [
            "30103",
            "30031",
            "30051",
            "30032",
            "30052",
            "30033",
            "30053",
            "30093",
            "31033",
            "30103"
        ]
    },
    "R8-10": {
        "stageId": "main_08-11",
        "drops": [
            "30083",
            "30084",
            "30031",
            "30051",
            "30032",
            "30052",
            "30033",
            "30053",
            "30093",
            "31033",
            "30103"
        ]
    },
    "M8-7": {
        "stageId": "main_08-12",
        "drops": [
            "30023",
            "30042"
        ]
    },
    "R8-11": {
        "stageId": "main_08-13",
        "drops": [
            "31033",
            "31034",
            "30011",
            "30061",
            "30012",
            "30062",
            "30013",
            "30063",
            "30073",
            "31013",
            "3003"
        ]
    },
    "M8-8": {
        "stageId": "main_08-14",
        "drops": [
            "30063",
            "30011",
            "30061",
            "30012",
            "30062",
            "30013",
            "30063",
            "30073",
            "31013",
            "3003"
        ]
    },
    "JT8-1": {
        "stageId": "main_08-15",
        "drops": []
    },
    "JT8-2": {
        "stageId": "main_08-16",
        "drops": [
            "31013",
            "31014",
            "30031",
            "30051",
            "30032",
            "30052",
            "30033",
            "30053",
            "30093",
            "31033",
            "30103"
        ]
    },
    "JT8-3": {
        "stageId": "main_08-17",
        "drops": [
            "30053",
            "30021",
            "30041",
            "2001",
            "30022",
            "30042",
            "2002",
            "30023",
            "30043",
            "30083",
            "31023",
            "2003"
        ]
    },
    "感谢庆典物资补给": {
        "stageId": "randomMaterial_4",
        "drops": [
            "30012",
            "30022",
            "30032",
            "30042",
            "30052",
            "30062",
            "30013",
            "30023",
            "30033",
            "30043",
            "30053",
            "30063",
            "30073",
            "30083",
            "30093",
            "30103",
            "31013",
            "31023",
            "31033"
        ]
    },
    "燃灰行动物资补给": {
        "stageId": "randomMaterialRune_3",
        "drops": [
            "30013",
            "30023",
            "30033",
            "30043",
            "30053",
            "30063",
            "30073",
            "30083",
            "30093",
            "30103",
            "31013",
            "31023"
        ]
    },
    "MB-1": {
        "stageId": "act15d0_01",
        "drops": []
    },
    "MB-2": {
        "stageId": "act15d0_02",
        "drops": []
    },
    "MB-3": {
        "stageId": "act15d0_03",
        "drops": []
    },
    "MB-4": {
        "stageId": "act15d0_04",
        "drops": []
    },
    "MB-5": {
        "stageId": "act15d0_05",
        "drops": []
    },
    "MB-6": {
        "stageId": "act15d0_06",
        "drops": []
    },
    "MB-7": {
        "stageId": "act15d0_07",
        "drops": []
    },
    "MB-8": {
        "stageId": "act15d0_08",
        "drops": []
    },
    "BH-1": {
        "stageId": "act15d5_01",
        "drops": []
    },
    "BH-2": {
        "stageId": "act15d5_02",
        "drops": []
    },
    "BH-3": {
        "stageId": "act15d5_03",
        "drops": []
    },
    "BH-4": {
        "stageId": "act15d5_04",
        "drops": []
    },
    "BH-5": {
        "stageId": "act15d5_05",
        "drops": []
    },
    "BH-6": {
        "stageId": "act15d5_06",
        "drops": []
    },
    "BH-7": {
        "stageId": "act15d5_07",
        "drops": []
    },
    "BH-8": {
        "stageId": "act15d5_08",
        "drops": []
    }
}